	locus	count	prevalence	locus_join	region
0	A*02:01	635	0.20287539936102236	HLA-A02:01	Brazil
1	A*30:01	72	0.023003194888178913	HLA-A30:01	Brazil
2	A*01:01	269	0.08594249201277955	HLA-A01:01	Brazil
3	A*03:01	254	0.08115015974440895	HLA-A03:01	Brazil
4	A*24:02	274	0.08753993610223643	HLA-A24:02	Brazil
5	A*02:02	33	0.010543130990415336	HLA-A02:02	Brazil
6	A*02:05	38	0.012140575079872205	HLA-A02:05	Brazil
7	A*11:01	148	0.047284345047923323	HLA-A11:01	Brazil
8	A*68:01	127	0.040575079872204475	HLA-A68:01	Brazil
9	A*30:02	93	0.029712460063897765	HLA-A30:02	Brazil
10	A*25:01	25	0.007987220447284345	HLA-A25:01	Brazil
11	A*26:01	89	0.02843450479233227	HLA-A26:01	Brazil
12	A*23:01	168	0.0536741214057508	HLA-A23:01	Brazil
13	A*23:17	23	0.007348242811501597	HLA-A23:17	Brazil
14	A*31:01	198	0.06325878594249201	HLA-A31:01	Brazil
15	A*29:02	131	0.041853035143769965	HLA-A29:02	Brazil
16	A*02:52	1	0.0003194888178913738	HLA-A02:52	Brazil
17	A*26:08	6	0.0019169329073482429	HLA-A26:08	Brazil
18	A*24:03	21	0.00670926517571885	HLA-A24:03	Brazil
19	A*02:22	1	0.0003194888178913738	HLA-A02:22	Brazil
20	A*02:11	15	0.004792332268370607	HLA-A02:11	Brazil
21	A*32:01	98	0.031309904153354634	HLA-A32:01	Brazil
22	A*68:02	71	0.02268370607028754	HLA-A68:02	Brazil
23	A*02:04	9	0.002875399361022364	HLA-A02:04	Brazil
24	A*01:02	3	0.0009584664536741214	HLA-A01:02	Brazil
25	A*33:01	70	0.022364217252396165	HLA-A33:01	Brazil
26	A*33:03	31	0.009904153354632588	HLA-A33:03	Brazil
27	A*11:12	1	0.0003194888178913738	HLA-A11:12	Brazil
28	A*03:02	8	0.0025559105431309905	HLA-A03:02	Brazil
29	A*66:01	30	0.009584664536741214	HLA-A66:01	Brazil
30	A*69:01	5	0.001597444089456869	HLA-A69:01	Brazil
31	A*74:01	43	0.013738019169329074	HLA-A74:01	Brazil
32	A*34:02	28	0.008945686900958467	HLA-A34:02	Brazil
33	A*36:01	26	0.008306709265175719	HLA-A36:01	Brazil
34	A*30:04	11	0.003514376996805112	HLA-A30:04	Brazil
35	A*31:15	9	0.002875399361022364	HLA-A31:15	Brazil
36	A*02:20	4	0.0012779552715654952	HLA-A02:20	Brazil
37	A*80:01	5	0.001597444089456869	HLA-A80:01	Brazil
38	A*23:05	7	0.0022364217252396168	HLA-A23:05	Brazil
39	A*24:05	1	0.0003194888178913738	HLA-A24:05	Brazil
40	A*24:314	1	0.0003194888178913738	HLA-A24:314	Brazil
41	A*02:06	4	0.0012779552715654952	HLA-A02:06	Brazil
42	A*29:11	2	0.0006389776357827476	HLA-A29:11	Brazil
43	A*66:02	1	0.0003194888178913738	HLA-A66:02	Brazil
44	A*02:13	2	0.0006389776357827476	HLA-A02:13	Brazil
45	A*29:01	14	0.0044728434504792336	HLA-A29:01	Brazil
46	A*01:03	11	0.003514376996805112	HLA-A01:03	Brazil
47	A*74:10	4	0.0012779552715654952	HLA-A74:10	Brazil
48	A*66:03	5	0.001597444089456869	HLA-A66:03	Brazil
49	A*33:05	2	0.0006389776357827476	HLA-A33:05	Brazil
50	A*74:03	2	0.0006389776357827476	HLA-A74:03	Brazil
51	A*02:07	1	0.0003194888178913738	HLA-A02:07	Brazil
52	B*38:01	69	0.022072936660268713	HLA-B38:01	Brazil
53	B*14:02	131	0.0419065898912348	HLA-B14:02	Brazil
54	B*08:01	149	0.04766474728087012	HLA-B08:01	Brazil
55	B*40:01	50	0.01599488163787588	HLA-B40:01	Brazil
56	B*39:01	62	0.01983365323096609	HLA-B39:01	Brazil
57	B*41:02	21	0.0067178502879078695	HLA-B41:02	Brazil
58	B*07:02	170	0.05438259756877799	HLA-B07:02	Brazil
59	B*44:03	186	0.05950095969289827	HLA-B44:03	Brazil
60	B*14:01	39	0.012476007677543186	HLA-B14:01	Brazil
61	B*35:04	13	0.004158669225847729	HLA-B35:04	Brazil
62	B*18:01	108	0.0345489443378119	HLA-B18:01	Brazil
63	B*15:03	85	0.027191298784388994	HLA-B15:03	Brazil
64	B*35:01	188	0.060140754958413305	HLA-B35:01	Brazil
65	B*13:02	46	0.01471529110684581	HLA-B13:02	Brazil
66	B*35:08	35	0.011196417146513116	HLA-B35:08	Brazil
67	B*15:17	18	0.005758157389635317	HLA-B15:17	Brazil
68	B*44:02	121	0.03870761356365963	HLA-B44:02	Brazil
69	B*51:01	215	0.06877799104286628	HLA-B51:01	Brazil
70	B*39:05	29	0.009277031349968011	HLA-B39:05	Brazil
71	B*35:02	37	0.011836212412028152	HLA-B35:02	Brazil
72	B*15:15	2	0.0006397952655150352	HLA-B15:15	Brazil
73	B*15:01	83	0.026551503518873962	HLA-B15:01	Brazil
74	B*27:05	36	0.011516314779270634	HLA-B27:05	Brazil
75	B*15:10	35	0.011196417146513116	HLA-B15:10	Brazil
76	B*15:04	28	0.008957133717210493	HLA-B15:04	Brazil
77	B*35:03	63	0.02015355086372361	HLA-B35:03	Brazil
78	B*49:01	83	0.026551503518873962	HLA-B49:01	Brazil
79	B*40:02	118	0.037747920665387076	HLA-B40:02	Brazil
80	B*53:01	79	0.02527191298784389	HLA-B53:01	Brazil
81	B*55:01	25	0.00799744081893794	HLA-B55:01	Brazil
82	B*50:01	61	0.019513755598208574	HLA-B50:01	Brazil
83	B*27:03	14	0.004478566858605247	HLA-B27:03	Brazil
84	B*45:01	77	0.024632117722328855	HLA-B45:01	Brazil
85	B*15:08	1	0.0003198976327575176	HLA-B15:08	Brazil
86	B*15:18	14	0.004478566858605247	HLA-B15:18	Brazil
87	B*41:01	37	0.011836212412028152	HLA-B41:01	Brazil
88	B*57:03	22	0.007037747920665387	HLA-B57:03	Brazil
89	B*15:09	5	0.001599488163787588	HLA-B15:09	Brazil
90	B*27:02	7	0.0022392834293026233	HLA-B27:02	Brazil
91	B*57:01	60	0.019193857965451054	HLA-B57:01	Brazil
92	B*35:20	11	0.0035188739603326936	HLA-B35:20	Brazil
93	B*35:05	9	0.0028790786948176585	HLA-B35:05	Brazil
94	B*18:05	1	0.0003198976327575176	HLA-B18:05	Brazil
95	B*39:06	18	0.005758157389635317	HLA-B39:06	Brazil
96	B*52:01	63	0.02015355086372361	HLA-B52:01	Brazil
97	B*39:10	11	0.0035188739603326936	HLA-B39:10	Brazil
98	B*15:16	15	0.0047984644913627635	HLA-B15:16	Brazil
99	B*07:05	2	0.0006397952655150352	HLA-B07:05	Brazil
100	B*58:01	64	0.020473448496481125	HLA-B58:01	Brazil
101	B*42:01	55	0.017594369801663467	HLA-B42:01	Brazil
102	B*27:07	1	0.0003198976327575176	HLA-B27:07	Brazil
103	B*07:06	13	0.004158669225847729	HLA-B07:06	Brazil
104	B*37:01	26	0.008317338451695458	HLA-B37:01	Brazil
105	B*44:05	8	0.0025591810620601407	HLA-B44:05	Brazil
106	B*57:02	3	0.0009596928982725527	HLA-B57:02	Brazil
107	B*27:08	1	0.0003198976327575176	HLA-B27:08	Brazil
108	B*67:01	2	0.0006397952655150352	HLA-B67:01	Brazil
109	B*78:01	1	0.0003198976327575176	HLA-B78:01	Brazil
110	B*15:20	7	0.0022392834293026233	HLA-B15:20	Brazil
111	B*39:09	10	0.003198976327575176	HLA-B39:09	Brazil
112	B*58:22	1	0.0003198976327575176	HLA-B58:22	Brazil
113	B*81:01	20	0.006397952655150352	HLA-B81:01	Brazil
114	B*42:02	5	0.001599488163787588	HLA-B42:02	Brazil
115	B*51:193	3	0.0009596928982725527	HLA-B51:193	Brazil
116	B*50:02	10	0.003198976327575176	HLA-B50:02	Brazil
117	B*56:01	5	0.001599488163787588	HLA-B56:01	Brazil
118	B*07:20	2	0.0006397952655150352	HLA-B07:20	Brazil
119	B*73:01	2	0.0006397952655150352	HLA-B73:01	Brazil
120	B*51:32	1	0.0003198976327575176	HLA-B51:32	Brazil
121	B*40:04	11	0.0035188739603326936	HLA-B40:04	Brazil
122	B*48:01	7	0.0022392834293026233	HLA-B48:01	Brazil
123	B*48:02	8	0.0025591810620601407	HLA-B48:02	Brazil
124	B*58:02	32	0.010236724248240563	HLA-B58:02	Brazil
125	B*39:02	5	0.001599488163787588	HLA-B39:02	Brazil
126	B*51:04	3	0.0009596928982725527	HLA-B51:04	Brazil
127	B*39:03	12	0.003838771593090211	HLA-B39:03	Brazil
128	B*15:02	2	0.0006397952655150352	HLA-B15:02	Brazil
129	B*15:05	6	0.0019193857965451055	HLA-B15:05	Brazil
130	B*40:129	2	0.0006397952655150352	HLA-B40:129	Brazil
131	B*15:37	1	0.0003198976327575176	HLA-B15:37	Brazil
132	B*18:04	2	0.0006397952655150352	HLA-B18:04	Brazil
133	B*15:24	2	0.0006397952655150352	HLA-B15:24	Brazil
134	B*07:09	2	0.0006397952655150352	HLA-B07:09	Brazil
135	B*14:03	2	0.0006397952655150352	HLA-B14:03	Brazil
136	B*44:50	1	0.0003198976327575176	HLA-B44:50	Brazil
137	B*51:07	2	0.0006397952655150352	HLA-B51:07	Brazil
138	B*35:06	3	0.0009596928982725527	HLA-B35:06	Brazil
139	B*15:47	3	0.0009596928982725527	HLA-B15:47	Brazil
140	B*13:01	4	0.0012795905310300703	HLA-B13:01	Brazil
141	B*39:04	2	0.0006397952655150352	HLA-B39:04	Brazil
142	B*53:05	1	0.0003198976327575176	HLA-B53:05	Brazil
143	B*35:07	1	0.0003198976327575176	HLA-B35:07	Brazil
144	B*18:03	1	0.0003198976327575176	HLA-B18:03	Brazil
145	B*15:31	2	0.0006397952655150352	HLA-B15:31	Brazil
146	B*52:21	1	0.0003198976327575176	HLA-B52:21	Brazil
147	B*47:01	2	0.0006397952655150352	HLA-B47:01	Brazil
148	B*15:220	2	0.0006397952655150352	HLA-B15:220	Brazil
149	B*15:52	1	0.0003198976327575176	HLA-B15:52	Brazil
150	B*51:02	1	0.0003198976327575176	HLA-B51:02	Brazil
151	B*15:13	1	0.0003198976327575176	HLA-B15:13	Brazil
152	B*15:30	1	0.0003198976327575176	HLA-B15:30	Brazil
153	B*35:43	1	0.0003198976327575176	HLA-B35:43	Brazil
154	B*51:08	1	0.0003198976327575176	HLA-B51:08	Brazil
155	B*44:04	2	0.0006397952655150352	HLA-B44:04	Brazil
156	B*39:20	1	0.0003198976327575176	HLA-B39:20	Brazil
157	B*51:75	1	0.0003198976327575176	HLA-B51:75	Brazil
158	B*39:12	1	0.0003198976327575176	HLA-B39:12	Brazil
159	B*54:01	1	0.0003198976327575176	HLA-B54:01	Brazil
160	C*01:02	48	0.02069857697283312	HLA-C01:02	Brazil
161	C*03:04	160	0.06899525657611039	HLA-C03:04	Brazil
162	C*07:01	218	0.09400603708495041	HLA-C07:01	Brazil
163	C*02:02	105	0.045278137128072445	HLA-C02:02	Brazil
164	C*03:03	106	0.04570935748167314	HLA-C03:03	Brazil
165	C*08:02	109	0.047003018542475204	HLA-C08:02	Brazil
166	C*04:01	354	0.15265200517464425	HLA-C04:01	Brazil
167	C*02:10	62	0.026735661923242778	HLA-C02:10	Brazil
168	C*06:02	160	0.06899525657611039	HLA-C06:02	Brazil
169	C*05:01	118	0.05088400172488142	HLA-C05:01	Brazil
170	C*12:03	128	0.055196205260888316	HLA-C12:03	Brazil
171	C*16:01	120	0.0517464424320828	HLA-C16:01	Brazil
172	C*15:02	84	0.03622250970245795	HLA-C15:02	Brazil
173	C*07:02	165	0.07115135834411385	HLA-C07:02	Brazil
174	C*14:02	45	0.019404915912031046	HLA-C14:02	Brazil
175	C*07:04	26	0.01121172919361794	HLA-C07:04	Brazil
176	C*03:02	22	0.009486847779215178	HLA-C03:02	Brazil
177	C*07:18	26	0.01121172919361794	HLA-C07:18	Brazil
178	C*15:13	6	0.00258732212160414	HLA-C15:13	Brazil
179	C*05:37	2	0.0008624407072013799	HLA-C05:37	Brazil
180	C*12:02	22	0.009486847779215178	HLA-C12:02	Brazil
181	C*17:03	12	0.00517464424320828	HLA-C17:03	Brazil
182	C*07:06	3	0.00129366106080207	HLA-C07:06	Brazil
183	C*16:02	17	0.007330746011211729	HLA-C16:02	Brazil
184	C*18:02	13	0.00560586459680897	HLA-C18:02	Brazil
185	C*15:05	14	0.00603708495040966	HLA-C15:05	Brazil
186	C*17:01	81	0.03492884864165589	HLA-C17:01	Brazil
187	C*18:01	14	0.00603708495040966	HLA-C18:01	Brazil
188	C*08:04	9	0.0038809831824062097	HLA-C08:04	Brazil
189	C*08:03	35	0.015092712376024149	HLA-C08:03	Brazil
190	C*04:04	1	0.00043122035360068997	HLA-C04:04	Brazil
191	C*08:01	17	0.007330746011211729	HLA-C08:01	Brazil
192	C*15:39	3	0.00129366106080207	HLA-C15:39	Brazil
193	C*15:04	1	0.00043122035360068997	HLA-C15:04	Brazil
194	C*04:13	1	0.00043122035360068997	HLA-C04:13	Brazil
195	C*06:06	1	0.00043122035360068997	HLA-C06:06	Brazil
196	C*04:07	2	0.0008624407072013799	HLA-C04:07	Brazil
197	C*15:03	1	0.00043122035360068997	HLA-C15:03	Brazil
198	C*03:38	1	0.00043122035360068997	HLA-C03:38	Brazil
199	C*01:22	1	0.00043122035360068997	HLA-C01:22	Brazil
200	C*02:14	1	0.00043122035360068997	HLA-C02:14	Brazil
201	C*04:03	1	0.00043122035360068997	HLA-C04:03	Brazil
202	C*14:03	2	0.0008624407072013799	HLA-C14:03	Brazil
203	C*07:07	1	0.00043122035360068997	HLA-C07:07	Brazil
204	C*12:12	1	0.00043122035360068997	HLA-C12:12	Brazil
205	DPA1*01:03	1042	0.7050067658998647	DPA1_0103	Brazil
206	DPA1*02:01	304	0.20568335588633288	DPA1_0201	Brazil
207	DPA1*02:02	78	0.05277401894451962	DPA1_0202	Brazil
208	DPA1*01:04	3	0.0020297699594046007	DPA1_0104	Brazil
209	DPA1*01:12	1	0.0006765899864682003	DPA1_0112	Brazil
210	DPA1*03:01	37	0.02503382949932341	DPA1_0301	Brazil
211	DPA1*03:02	1	0.0006765899864682003	DPA1_0302	Brazil
212	DPA1*04:01	3	0.0020297699594046007	DPA1_0401	Brazil
213	DPA1*02:06	5	0.0033829499323410014	DPA1_0206	Brazil
214	DPA1*02:07	4	0.0027063599458728013	DPA1_0207	Brazil
215	DPB1*11:01	35	0.020138089758342925	DPB1_1101	Brazil
216	DPB1*04:01	486	0.27963176064441886	DPB1_0401	Brazil
217	DPB1*01:01	126	0.07249712313003452	DPB1_0101	Brazil
218	DPB1*03:01	83	0.047756041426927506	DPB1_0301	Brazil
219	DPB1*02:01	337	0.19390103567318756	DPB1_0201	Brazil
220	DPB1*57:01	5	0.0028768699654775605	DPB1_5701	Brazil
221	DPB1*04:02	161	0.09263521288837745	DPB1_0402	Brazil
222	DPB1*23:01	6	0.0034522439585730723	DPB1_2301	Brazil
223	DPB1*65:01	1	0.0005753739930955121	DPB1_6501	Brazil
224	DPB1*26:01	1	0.0005753739930955121	DPB1_2601	Brazil
225	DPB1*13:01	62	0.03567318757192175	DPB1_1301	Brazil
226	DPB1*105:01	59	0.03394706559263521	DPB1_10501	Brazil
227	DPB1*133:01	3	0.0017261219792865361	DPB1_13301	Brazil
228	DPB1*14:01	36	0.020713463751438434	DPB1_1401	Brazil
229	DPB1*17:01	56	0.03222094361334868	DPB1_1701	Brazil
230	DPB1*06:01	21	0.012082853855005753	DPB1_0601	Brazil
231	DPB1*10:01	47	0.02704257767548907	DPB1_1001	Brazil
232	DPB1*124:01	9	0.005178365937859608	DPB1_12401	Brazil
233	DPB1*104:01	56	0.03222094361334868	DPB1_10401	Brazil
234	DPB1*09:01	8	0.004602991944764097	DPB1_0901	Brazil
235	DPB1*02:02	8	0.004602991944764097	DPB1_0202	Brazil
236	DPB1*150:01	2	0.0011507479861910242	DPB1_15001	Brazil
237	DPB1*109:01	4	0.0023014959723820483	DPB1_10901	Brazil
238	DPB1*113:01	2	0.0011507479861910242	DPB1_11301	Brazil
239	DPB1*34:01	4	0.0023014959723820483	DPB1_3401	Brazil
240	DPB1*271:01	3	0.0017261219792865361	DPB1_27101	Brazil
241	DPB1*126:01	8	0.004602991944764097	DPB1_12601	Brazil
242	DPB1*49:01	2	0.0011507479861910242	DPB1_4901	Brazil
243	DPB1*19:01	7	0.004027617951668585	DPB1_1901	Brazil
244	DPB1*350:01	8	0.004602991944764097	DPB1_35001	Brazil
245	DPB1*15:01	8	0.004602991944764097	DPB1_1501	Brazil
246	DPB1*200:01	1	0.0005753739930955121	DPB1_20001	Brazil
247	DPB1*417:01	1	0.0005753739930955121	DPB1_41701	Brazil
248	DPB1*18:01	15	0.00863060989643268	DPB1_1801	Brazil
249	DPB1*106:01	5	0.0028768699654775605	DPB1_10601	Brazil
250	DPB1*131:01	3	0.0017261219792865361	DPB1_13101	Brazil
251	DPB1*81:01	1	0.0005753739930955121	DPB1_8101	Brazil
252	DPB1*20:01	2	0.0011507479861910242	DPB1_2001	Brazil
253	DPB1*27:01	3	0.0017261219792865361	DPB1_2701	Brazil
254	DPB1*05:01	20	0.011507479861910242	DPB1_0501	Brazil
255	DPB1*416:01	10	0.005753739930955121	DPB1_41601	Brazil
256	DPB1*107:01	2	0.0011507479861910242	DPB1_10701	Brazil
257	DPB1*158:01	2	0.0011507479861910242	DPB1_15801	Brazil
258	DPB1*40:01	1	0.0005753739930955121	DPB1_4001	Brazil
259	DPB1*152:01	1	0.0005753739930955121	DPB1_15201	Brazil
260	DPB1*16:01	6	0.0034522439585730723	DPB1_1601	Brazil
261	DPB1*182:01	1	0.0005753739930955121	DPB1_18201	Brazil
262	DPB1*584:01	1	0.0005753739930955121	DPB1_58401	Brazil
263	DPB1*30:01	1	0.0005753739930955121	DPB1_3001	Brazil
264	DPB1*08:01	1	0.0005753739930955121	DPB1_0801	Brazil
265	DPB1*35:01	2	0.0011507479861910242	DPB1_3501	Brazil
266	DPB1*45:01	1	0.0005753739930955121	DPB1_4501	Brazil
267	DPB1*39:01	1	0.0005753739930955121	DPB1_3901	Brazil
268	DPB1*363:01	1	0.0005753739930955121	DPB1_36301	Brazil
269	DPB1*665:01	1	0.0005753739930955121	DPB1_66501	Brazil
270	DPB1*463:01	1	0.0005753739930955121	DPB1_46301	Brazil
271	DQB1*03:01	676	0.19128466327108093	DQB1_0301	Brazil
272	DQB1*03:02	350	0.09903791737408037	DQB1_0302	Brazil
273	DQB1*02:01	335	0.0947934352009055	DQB1_0201	Brazil
274	DQB1*03:19	50	0.014148273910582909	DQB1_0319	Brazil
275	DQB1*05:01	478	0.1352574985851726	DQB1_0501	Brazil
276	DQB1*02:02	417	0.11799660441426146	DQB1_0202	Brazil
277	DQB1*05:03	94	0.02659875495189587	DQB1_0503	Brazil
278	DQB1*04:02	188	0.05319750990379174	DQB1_0402	Brazil
279	DQB1*03:04	11	0.00311262026032824	DQB1_0304	Brazil
280	DQB1*03:03	95	0.026881720430107527	DQB1_0303	Brazil
281	DQB1*05:02	107	0.030277306168647426	DQB1_0502	Brazil
282	DQB1*06:02	311	0.08800226372382569	DQB1_0602	Brazil
283	DQB1*06:03	219	0.06196943972835314	DQB1_0603	Brazil
284	DQB1*06:04	121	0.034238822863610636	DQB1_0604	Brazil
285	DQB1*06:01	34	0.009620826259196379	DQB1_0601	Brazil
286	DQB1*06:09	34	0.009620826259196379	DQB1_0609	Brazil
287	DQB1*03:05	2	0.0005659309564233164	DQB1_0305	Brazil
288	DQB1*02:03	2	0.0005659309564233164	DQB1_0203	Brazil
289	DQB1*06:11	2	0.0005659309564233164	DQB1_0611	Brazil
290	DQB1*06:08	2	0.0005659309564233164	DQB1_0608	Brazil
291	DQB1*04:04	1	0.0002829654782116582	DQB1_0404	Brazil
292	DQB1*06:19	1	0.0002829654782116582	DQB1_0619	Brazil
293	DQB1*05:04	1	0.0002829654782116582	DQB1_0504	Brazil
294	DQB1*03:21	1	0.0002829654782116582	DQB1_0321	Brazil
295	DQB1*04:01	1	0.0002829654782116582	DQB1_0401	Brazil
296	DQB1*06:52	1	0.0002829654782116582	DQB1_0652	Brazil
297	DRB1*11:01	1542	0.06947510700608245	DRB1_1101	Brazil
298	DRB1*01:02	1010	0.0455057445370579	DRB1_0102	Brazil
299	DRB1*03:01	1759	0.07925208380265826	DRB1_0301	Brazil
300	DRB1*11:02	362	0.016309979725163324	DRB1_1102	Brazil
301	DRB1*01:01	1135	0.051137643613426445	DRB1_0101	Brazil
302	DRB1*01:03	161	0.007253886010362694	DRB1_0103	Brazil
303	DRB1*07:01	2648	0.1193061500337914	DRB1_0701	Brazil
304	DRB1*04:04	460	0.02072538860103627	DRB1_0404	Brazil
305	DRB1*04:02	429	0.01932867763009687	DRB1_0402	Brazil
306	DRB1*04:03	287	0.012930840279342194	DRB1_0403	Brazil
307	DRB1*08:01	395	0.01779680108132462	DRB1_0801	Brazil
308	DRB1*04:05	499	0.02248254111286326	DRB1_0405	Brazil
309	DRB1*10:01	463	0.020860554178869114	DRB1_1001	Brazil
310	DRB1*14:54	79	0.0035593602162649245	DRB1_1454	Brazil
311	DRB1*08:02	278	0.012525343545843658	DRB1_0802	Brazil
312	DRB1*04:01	407	0.018337463392656003	DRB1_0401	Brazil
313	DRB1*09:01	351	0.015814372606442893	DRB1_0901	Brazil
314	DRB1*04:07	159	0.0071637756251407975	DRB1_0407	Brazil
315	DRB1*13:01	1440	0.06487947735976571	DRB1_1301	Brazil
316	DRB1*11:04	786	0.03541338139220545	DRB1_1104	Brazil
317	DRB1*15:01	1286	0.057940977697679655	DRB1_1501	Brazil
318	DRB1*12:01	341	0.015363820680333408	DRB1_1201	Brazil
319	DRB1*08:04	399	0.017977021851768415	DRB1_0804	Brazil
320	DRB1*08:07	117	0.0052714575354809645	DRB1_0807	Brazil
321	DRB1*13:02	1035	0.046632124352331605	DRB1_1302	Brazil
322	DRB1*03:02	332	0.014958323946834873	DRB1_0302	Brazil
323	DRB1*04:09	10	0.0004505519261094841	DRB1_0409	Brazil
324	DRB1*15:02	236	0.010633025456183826	DRB1_1502	Brazil
325	DRB1*04:08	82	0.00369452579409777	DRB1_0408	Brazil
326	DRB1*04:11	386	0.017391304347826087	DRB1_0411	Brazil
327	DRB1*13:03	339	0.015273710295111511	DRB1_1303	Brazil
328	DRB1*11:19	2	9.011038522189682e-05	DRB1_1119	Brazil
329	DRB1*08:03	112	0.005046181572426222	DRB1_0803	Brazil
330	DRB1*15:03	774	0.03487271908087407	DRB1_1503	Brazil
331	DRB1*14:02	199	0.008965983329578734	DRB1_1402	Brazil
332	DRB1*16:01	423	0.01905834647443118	DRB1_1601	Brazil
333	DRB1*11:03	169	0.007614327551250281	DRB1_1103	Brazil
334	DRB1*15:06	4	0.00018022077044379365	DRB1_1506	Brazil
335	DRB1*14:04	24	0.0010813246226627619	DRB1_1404	Brazil
336	DRB1*16:02	445	0.020049560711872045	DRB1_1602	Brazil
337	DRB1*14:01	461	0.020770443793647217	DRB1_1401	Brazil
338	DRB1*14:06	44	0.00198242847488173	DRB1_1406	Brazil
339	DRB1*13:05	63	0.00283847713448975	DRB1_1305	Brazil
340	DRB1*08:06	15	0.0006758278891642261	DRB1_0806	Brazil
341	DRB1*12:10	9	0.0004054967334985357	DRB1_1210	Brazil
342	DRB1*11:07	1	4.505519261094841e-05	DRB1_1107	Brazil
343	DRB1*13:16	3	0.00013516557783284524	DRB1_1316	Brazil
344	DRB1*04:10	29	0.001306600585717504	DRB1_0410	Brazil
345	DRB1*12:02	36	0.0016219869339941428	DRB1_1202	Brazil
346	DRB1*11:18	2	9.011038522189682e-05	DRB1_1118	Brazil
347	DRB1*14:21	6	0.00027033115566569047	DRB1_1421	Brazil
348	DRB1*13:04	21	0.0009461590448299166	DRB1_1304	Brazil
349	DRB1*13:40	7	0.0003153863482766389	DRB1_1340	Brazil
350	DRB1*13:56	5	0.00022527596305474206	DRB1_1356	Brazil
351	DRB1*04:16	3	0.00013516557783284524	DRB1_0416	Brazil
352	DRB1*13:11	1	4.505519261094841e-05	DRB1_1311	Brazil
353	DRB1*14:17	5	0.00022527596305474206	DRB1_1417	Brazil
354	DRB1*04:06	63	0.00283847713448975	DRB1_0406	Brazil
355	DRB1*13:60	1	4.505519261094841e-05	DRB1_1360	Brazil
356	DRB1*03:115	1	4.505519261094841e-05	DRB1_03115	Brazil
357	DRB1*07:05	3	0.00013516557783284524	DRB1_0705	Brazil
358	DRB1*13:06	1	4.505519261094841e-05	DRB1_1306	Brazil
359	DRB1*13:80	3	0.00013516557783284524	DRB1_1380	Brazil
360	DRB1*11:11	1	4.505519261094841e-05	DRB1_1111	Brazil
361	DRB1*13:14	4	0.00018022077044379365	DRB1_1314	Brazil
362	DRB1*14:05	5	0.00022527596305474206	DRB1_1405	Brazil
363	DRB1*11:13	6	0.00027033115566569047	DRB1_1113	Brazil
364	DRB1*03:15	1	4.505519261094841e-05	DRB1_0315	Brazil
365	DRB1*11:10	1	4.505519261094841e-05	DRB1_1110	Brazil
366	DRB1*12:38	1	4.505519261094841e-05	DRB1_1238	Brazil
367	DRB1*13:31	1	4.505519261094841e-05	DRB1_1331	Brazil
368	DRB1*11:14	2	9.011038522189682e-05	DRB1_1114	Brazil
369	DRB1*14:23	2	9.011038522189682e-05	DRB1_1423	Brazil
370	DRB1*03:06	2	9.011038522189682e-05	DRB1_0306	Brazil
371	DRB1*13:77	1	4.505519261094841e-05	DRB1_1377	Brazil
372	DRB1*14:15	1	4.505519261094841e-05	DRB1_1415	Brazil
373	DRB1*14:03	2	9.011038522189682e-05	DRB1_1403	Brazil
374	DRB1*08:10	3	0.00013516557783284524	DRB1_0810	Brazil
375	DRB1*11:09	2	9.011038522189682e-05	DRB1_1109	Brazil
376	DRB1*04:17	1	4.505519261094841e-05	DRB1_0417	Brazil
377	DRB1*11:12	1	4.505519261094841e-05	DRB1_1112	Brazil
378	DRB1*13:10	1	4.505519261094841e-05	DRB1_1310	Brazil
379	DRB1*10:02	1	4.505519261094841e-05	DRB1_1002	Brazil
380	DRB1*11:39	1	4.505519261094841e-05	DRB1_1139	Brazil
381	DRB1*10:03	2	9.011038522189682e-05	DRB1_1003	Brazil
382	DRB1*07:11	1	4.505519261094841e-05	DRB1_0711	Brazil
383	DRB1*13:08	1	4.505519261094841e-05	DRB1_1308	Brazil
384	DRB1*01:77	1	4.505519261094841e-05	DRB1_0177	Brazil
385	DRB1*15:07	1	4.505519261094841e-05	DRB1_1507	Brazil
386	DRB1*12:05	1	4.505519261094841e-05	DRB1_1205	Brazil
387	DQA1*01:01	211	0.1333754740834387	DQA1_0101	Brazil
388	DQA1*01:02	242	0.1529709228824273	DQA1_0102	Brazil
389	DQA1*02:01	199	0.12579013906447534	DQA1_0201	Brazil
390	DQA1*01:03	96	0.0606826801517067	DQA1_0103	Brazil
391	DQA1*05:01	168	0.10619469026548672	DQA1_0501	Brazil
392	DQA1*04:01	87	0.054993678887484194	DQA1_0401	Brazil
393	DQA1*03:01	181	0.11441213653603034	DQA1_0301	Brazil
394	DQA1*05:05	289	0.18268015170670038	DQA1_0505	Brazil
395	DQA1*01:04	18	0.011378002528445006	DQA1_0104	Brazil
396	DQA1*03:02	38	0.02402022756005057	DQA1_0302	Brazil
397	DQA1*05:03	34	0.021491782553729456	DQA1_0503	Brazil
398	DQA1*03:03	1	0.0006321112515802782	DQA1_0303	Brazil
399	DQA1*06:01	11	0.00695322376738306	DQA1_0601	Brazil
400	DQA1*05:10	5	0.0031605562579013905	DQA1_0510	Brazil
401	DQA1*01:07Q	2	0.0012642225031605564	DQA1_0107Q	Brazil
